post_id;url;note
130369;https://www.producthunt.com/posts/beyond-keywords-the-advanced-digital-marketing-podcast;In questo post è presente un unico commento ed è stato scritto dal maker, quindi non è stato aperto nessun dibattito
135583;https://www.producthunt.com/posts/snapsieve;In questo post è presente un unico commento ed è stato scritto dal maker, quindi non è stato aperto nessun dibattito
142291;https://www.producthunt.com/posts/write-together;In questo post il maker apre un dibattito su quali miglioramenti apportare in futuro alla sua applicazione 
141241;https://www.producthunt.com/posts/maildump;In questo post il maker ha scritto solo commenti di ringraziamento rivolti agli utenti che hanno commentato di aver apprezzato il suo prodotto
129878;https://www.producthunt.com/posts/goodgrids;In questo post è presente un unico commento ed è stato scritto dal maker, quindi non è stato aperto nessun dibattito
136285;https://www.producthunt.com/posts/sharedbox;In questo post ci sono solo due commenti del maker: nel primo ringrazia un utente che ha apprezzato il suo prodotto, mentre nel secondo risponde ad una critica che gli è stata fatta
141963;https://www.producthunt.com/posts/sheetbase-2-0;In questo post il maker nei commenti risponde alle varie domande di chiarimento che diversi utenti gli pongono
136333;https://www.producthunt.com/posts/beanzoid;In questo post è presente un unico commento ed è stato scritto dal maker, quindi non è stato aperto nessun dibattito
153033;https://www.producthunt.com/posts/ask-roboflow;In questo post il maker nei commenti ha scritto che sta lavorando sulla sua applicazione affinchè un giorno possa essere di aiuto ai programmatori
141870;https://www.producthunt.com/posts/bigbit-standard;In questo post il maker scrive un commento in cui spiega in cosa consiste il prodotto lanciato ed esorta altri utenti ad implementarlo in altri linguaggi di programmazione
132316;https://www.producthunt.com/posts/passport-simple;In questo post è presente un dibattito tra il maker e altri utenti sull'effettiva utilità del prodotto
143124;https://www.producthunt.com/posts/amazon-lite;In questo post un utente accusa il maker di aver postato un prodotto simile ad uno già esistente e quindi si apre un dibattito su questa questione. Poi un altro dibattito che si apre è quello sull'utilizzo del prodotto in vari paesi.
139736;https://www.producthunt.com/posts/pure-mine;In questo post il maker nei commenti risponde alle varie domande di chiarimento che diversi utenti gli pongono
134414;https://www.producthunt.com/posts/klipped-in;In questo post è presente una sola domanda tecnica riguardo al prodotto con risposta del maker, mentre in tutti gli altri suoi commenti ringrazia gli utenti che hanno apprezzato il suo prodotto 
132531;https://www.producthunt.com/posts/cryptodaily;In questo post è presente un unico commento ed è stato scritto dal maker, quindi non è stato aperto nessun dibattito
130803;https://www.producthunt.com/posts/slack-presence;In questo post è presente un acceso dibattito tra maker e utenti in cui si discute sull'effettiva utilità del prodotto
131612;https://www.producthunt.com/posts/cryptomeet;In questo post si discutono gli sviluppi futuri del prodotto
131853;https://www.producthunt.com/posts/oddball;In questo post tra i vari commenti solo uno è del maker in cui risponde ad una domanda fatta da un utente che utilizza il suo prodotto
152029;https://www.producthunt.com/posts/percentages;In questo post è presente un unico commento del maker non molto significativo: "Made this site as an SEO case study. We'll see how it goes in the long run!" (gli altri commenti sono stati scritti oltre la data ultima presente nel database) 
132717;https://www.producthunt.com/posts/stickeroid-for-google-slides;In questo post il maker descrive più dettagliatamente il suo prodotto in un commento, mentre in altri scrive cose insignifanti
139490;https://www.producthunt.com/posts/timeblocks;In questo post il maker ringrazia gli utenti perchè gli suggeriscono delle idee su come migliorare il prodotto
152847;https://www.producthunt.com/posts/flight-icons;In questo post viene aperto un dibattito tra il maker e alcuni utenti sui pro e contro del suo prodotto
133667;https://www.producthunt.com/posts/disruption-podcast;In questo post è presente un unico commento ed è stato scritto dal maker, quindi non è stato aperto nessun dibattito
130202;https://www.producthunt.com/posts/sally-2;In questo post si apre un dibattito in cui vengono confrontati altri due prodotti (Airdrop, Plover) con caratteristiche simili
151955;https://www.producthunt.com/posts/honcho-2;In questo post è presente un unico commento ed è stato scritto dal maker, quindi non è stato aperto nessun dibattito
131917;https://www.producthunt.com/posts/remoteonly;In questo post il maker ha scritto solo commenti di ringraziamento rivolti agli utenti che hanno commentato di aver apprezzato il suo prodotto
134372;https://www.producthunt.com/posts/studiominutes;Questo post è stato commentato solo dal maker, quindi non è stato aperto nessun dibattito
143178;https://www.producthunt.com/posts/copy-samba;In questo post il maker ha scritto solo commenti di ringraziamento
131890;https://www.producthunt.com/posts/skilltree;In questo post è presente un solo commento scritto dal maker in cui risponde ad un utente riguardo la data di uscita del suo prodotto
129527;https://www.producthunt.com/posts/sales-pending-crm;In questo post è presente un unico commento ed è stato scritto dal maker, quindi non è stato aperto nessun dibattito
134921;https://www.producthunt.com/posts/baby-s-world;In questo post è presente un unico commento ed è stato scritto dal maker, quindi non è stato aperto nessun dibattito
130892;https://www.producthunt.com/posts/votre-beta;In questo post il maker ha scritto un commento in cui annuncia che realizzerà una nuova versione del prodotto, tuttavia un utente ha scritto un commento negativo riguardante un malfunzionamento ("Whenever I tried to type (in the diary) it would continuously type random characters on its own until the screen filled up with words") recensendolo negativamente 
134977;https://www.producthunt.com/posts/crypto-collectible-maker;In questo post il maker Asbjørn Jacobsen scrive un unico commento in cui parla di una delle caratteristiche del suo prodotto 
140506;https://www.producthunt.com/posts/bites;In questo post vengono poste al maker domande specifiche sul prodotto (ad esempio un utente gli chiede aiuto per malfunzionamento del prodotto)   
135520;https://www.producthunt.com/posts/microtasks-2;In questo post il maker in un commento parla della nuova versione della sua applicazione, mentre in un altro commento ringrazia alcuni utenti per i complimenti ricevuti
130817;https://www.producthunt.com/posts/done-2;In questo post il maker evidenzia le caratteristiche della sua applicazione rispetto ad altre simili già esistenti
131847;https://www.producthunt.com/posts/passport-to-working-in-japan;In questo post è presente un unico commento ed è stato scritto dal maker, quindi non è stato aperto nessun dibattito
135238;https://www.producthunt.com/posts/open-source-jobs;In questo post è presente un unico commento ed è stato scritto dal maker, quindi non è stato aperto nessun dibattito
133950;https://www.producthunt.com/posts/dividere-dual-chambered-hip-flask;In questo post il maker ha scritto solo commenti di ringraziamento
135154;https://www.producthunt.com/posts/scoobe3d;In questo post è presente un unico commento ed è stato scritto dal maker, quindi non è stato aperto nessun dibattito
131876;https://www.producthunt.com/posts/pdf-page-numberer-text-watermark;In questo post il maker scrive un unico commento in cui spiega il motivo per cui ha creato questa applicazione
142250;https://www.producthunt.com/posts/we-need-developers;In questo post il maker scrive alcuni commenti per rispondere ad alcuni utenti che mettono in dubbio l'utilità del suo prodotto
133107;https://www.producthunt.com/posts/extensive-resources-database-for-founders;In questo post è presente un unico commento ed è stato scritto dal maker, quindi non è stato aperto nessun dibattito
136440;https://www.producthunt.com/posts/btc18;In questo post il maker scrive un commento in cui spiega l'obiettivo del suo prodotto
131086;https://www.producthunt.com/posts/awesome-voice-notes;In questo post viene aperto un dibattito tra il maker e gli utenti riguardo le loro opinioni su questo prodotto e sugli strumenti utilizzati per realizzarlo
139972;https://www.producthunt.com/posts/the-complete-api-integrators-review-spreadsheet;In questo post è presente un unico commento ed è stato scritto dal maker, quindi non è stato aperto nessun dibattito
142089;https://www.producthunt.com/posts/flip-a-coin-today;In questo post è presente un unico commento ed è stato scritto dal maker, quindi non è stato aperto nessun dibattito
132641;https://www.producthunt.com/posts/f19n-obtrusive-livetest;In questo post il maker nei commenti spiega i vari utilizzi che può avere la sua applicazione 
141728;https://www.producthunt.com/posts/twitter-search-fixer;In questo post il maker scrive solo commenti di ringraziamento verso gli utenti che hanno apprezzato il suo prodotto
132984;https://www.producthunt.com/posts/camera-5;In questo post il maker scrive solo commenti di ringraziamento verso gli utenti che hanno apprezzato il suo prodotto
132985;https://www.producthunt.com/posts/task-list;In questo post il maker nei commenti risponde a domande in cui gli viene chiesto di spiegare la differenza tra la sua applicazione e altre con caratteristiche simili 
135914;https://www.producthunt.com/posts/procurify-2-0;In questo post il maker nei commenti risponde a domande in cui gli viene chiesto di spiegare la differenza tra la sua applicazione e altre con caratteristiche simili
139960;https://www.producthunt.com/posts/stoanalytics-security-tokens;In questo post è presente un unico commento ed è stato scritto dal maker, quindi non è stato aperto nessun dibattito
132764;https://www.producthunt.com/posts/dailycast;In questo post al maker nei commenti vengono poste due domande: la prima è se realizzerà l'applicazione (per iOS) anche per Android mentre la seconda è come monetizzerà il prodotto. In entrambe le domande il maker risponde di No.
135909;https://www.producthunt.com/posts/chalk-drawers;In questo post è presente un unico commento scritto dal maker in cui esorta gli utenti a commentare
133414;https://www.producthunt.com/posts/lessons-by-graam;In questo post il maker ha commentato una sola volta per spiegare il suo prodotto e ha ricevuto una sola risposta di complimento
133095;https://www.producthunt.com/posts/shopflash;In questo post è presente un unico commento ed è stato scritto dal maker, quindi non è stato aperto nessun dibattito
134844;https://www.producthunt.com/posts/sensive;In questo post il maker diego nei commenti risponde ad un utente che gli domanda la differenza tra il suo prodotto ed uno simile già esistente
130377;https://www.producthunt.com/posts/myskillwall;In questo post il maker risponde a domande di chiarimento sull'utilizzo del suo prodotto
134674;https://www.producthunt.com/posts/beekn;In questo post il maker nei commenti fornisce maggiori informazioni sulla sua applicazione
130210;https://www.producthunt.com/posts/job-buddy;In questo post il maker risponde a due domande poste da un utente riguardo un malfunzionamento del suo prodotto
91504;https://www.producthunt.com/posts/f5bot;In questo post il maker scrive solo due commenti: nel primo elenca i pregi del suo prodotto mentre nel secondo risponde ad un chiarimento chiestogli da un utente
141749;https://www.producthunt.com/posts/jeff-s-email-newsletter;In questo post è presente un unico commento ed è stato scritto dal maker, quindi non è stato aperto nessun dibattito
154449;https://www.producthunt.com/posts/sendsecure;In questo post vengono aperti vari dibattiti tra il maker e alcuni utenti sul funzionamento del prodotto
130251;https://www.producthunt.com/posts/bamf-bible-2018;In questo post viene aperto un dibattito tra maker e utenti sull'effettiva utilità del prodotto
132390;https://www.producthunt.com/posts/stickydo;In questo post il maker nei commenti risponde a due domande poste da due utenti: una sulla differenza con un altro prodotto simile già esistente ed una riguardante il design
130591;https://www.producthunt.com/posts/anamorphicpro;In questo post il maker scrive un unico commento in cui spiega ad un utente la caratteristica principale del suo prodotto promettendo di aggiungerne altre in futuro (per questo motivo il prodotto è molto costoso)
134613;https://www.producthunt.com/posts/thread-hunt;In questo post molti utenti paragonano il prodotto ad un altro (Thread Reader) ma il maker in tutti i suoi commenti afferma che non è così
129847;https://www.producthunt.com/posts/userfeedback;In questo post è presente un unico commento ed è stato scritto dal maker, quindi non è stato aperto nessun dibattito
132174;https://www.producthunt.com/posts/mailfly;In questo post è presente un unico commento ed è stato scritto dal maker, quindi non è stato aperto nessun dibattito
131818;https://www.producthunt.com/posts/flexihost;In questo post il maker ha scritto un unico commento in cui ha risposto ad una domanda di chiarimento, posta da un utente, sull'utilizzo del suo prodotto
134519;https://www.producthunt.com/posts/four-seconds;In questo post il maker nei commenti fornisce agli utenti maggiori informazioni sul suo prodotto e rimanda ad un altro suo prodotto postato però su un altro sito (medium.com)
133782;https://www.producthunt.com/posts/deco-ui-kit;In questo post il maker scrive un unico commento in cui fornisce un codice promozionale
133096;https://www.producthunt.com/posts/firewalla-blue;In questo post nei commenti un utente critica il nome del prodotto e il maker risponde ironicamente
134505;https://www.producthunt.com/posts/location-sms;In questo post viene aperto un dibattito tra maker e utenti sulla spiegazione del funzionamento del prodotto
129897;https://www.producthunt.com/posts/figma-101-by-designlab;In questo post è presente un unico commento ed è stato scritto dal maker, quindi non è stato aperto nessun dibattito
135351;https://www.producthunt.com/posts/twyla-ai;In questo post il maker scrive due commenti in risposta a due domande poste da due utenti: nel primo spiega in che ambito è utilizzato il suo prodotto mentre il secondo consiste in una miglioria del video di presentazione inserito nel post
135869;https://www.producthunt.com/posts/best-brain-puzzles-riddles-and-trivia;In questo post il maker ha scritto solo commenti di ringraziamento rivolti agli utenti che hanno commentato di aver apprezzato la sua applicazione
144058;https://www.producthunt.com/posts/radiobar;In questo post il maker scrive un unico commento in cui spiega il motivo per cui ha realizzato questo prodotto
132914;https://www.producthunt.com/posts/dollar-tea-club-2;In questo post il maker nei commenti risponde a domande di chiarimento sul prodotto 
153183;https://www.producthunt.com/posts/pm-starter-pack;In questo post viene aperto un dibattito tra maker e utenti sul ruolo del Project Manager che è il tema del prodotto 
130207;https://www.producthunt.com/posts/graphql_client;In questo post è presente un unico commento scritto dal maker in cui spiega il funzionamento del suo prodotto ma non viene aperto alcun dibattito 
130018;https://www.producthunt.com/posts/wulihub;In questo post il maker scrive un unico commento in cui inserice dei link che rimandano ad una dimostrazione di utilizzo del prodotto
138439;https://www.producthunt.com/posts/minimo;In questo post in molti commenti viene segnalato al maker di migliorare il funzionamento del prodotto e il maker risponde che ci sta già lavorando
130945;https://www.producthunt.com/posts/all-side-projects;In questo post è presente un unico commento ed è stato scritto dal maker, quindi non è stato aperto nessun dibattito
136483;https://www.producthunt.com/posts/storypitchcanvas;In questo post il maker scrive un unico commento in cui pubblicizza il suo prodotto ma non riceve nessun altro commento
143541;https://www.producthunt.com/posts/open-dialogue;In questo post il maker scrive un unico commento in cui descrive più dettagliatamente il prodotto 
136323;https://www.producthunt.com/posts/denna;In questo post il maker scrive come commento una caratteristica della sua applicazione ma non riceve nessun altro commento
143591;https://www.producthunt.com/posts/stories-for-kids-best-chat-stories-funny-jokes;In questo post è presente un unico commento ed è stato scritto dal maker, quindi non è stato aperto nessun dibattito
133075;https://www.producthunt.com/posts/41-legal-practice-areas-that-didn-t-exist-15-years-ago;In questo post è presente un unico commento ed è stato scritto dal maker, quindi non è stato aperto nessun dibattito
132980;https://www.producthunt.com/posts/kualto;In questo post è presente un unico commento ed è stato scritto dal maker, quindi non è stato aperto nessun dibattito
135489;https://www.producthunt.com/posts/arkit-emperor;In questo post è presente un unico commento scritto dal maker in cui parla del nuovo aggiornamento rilasciato per la sua applicazione ma non viene aperto alcun dibattito
135409;https://www.producthunt.com/posts/scroll-alert-for-chrome;In questo post è presente un unico commento ed è stato scritto dal maker, quindi non è stato aperto nessun dibattito
133047;https://www.producthunt.com/posts/battle-zone;In questo post il maker nei commenti descrive più dettagliatamente il suo prodotto e ringrazia un utente per averlo apprezzato
136121;https://www.producthunt.com/posts/the-character-creator;In questo post è presente un unico commento ed è stato scritto dal maker, quindi non è stato aperto nessun dibattito
135478;https://www.producthunt.com/posts/figlet;In questo post il maker scrive un unico commento in cui fornisce maggiori informazioni sul suo prodotto
133448;https://www.producthunt.com/posts/carrd-airtable-stripe-list;In questo post è presente un unico commento ed è stato scritto dal maker, quindi non è stato aperto nessun dibattito
132668;https://www.producthunt.com/posts/iq-jackpot;In questo post il maker ha scritto un solo commento in cui ringrazia un utente per aver apprezzato la sua applicazione
133018;https://www.producthunt.com/posts/readit-2;In questo post è presente un unico commento ed è stato scritto dal maker, quindi non è stato aperto nessun dibattito
129472;https://www.producthunt.com/posts/stumpy;In questo post il maker ha scritto un unico commento in cui ha risposto ad una domanda, posta da un utente, riguardo il funzionamento della sua applicazione
153264;https://www.producthunt.com/posts/hacker-feed;
133672;https://www.producthunt.com/posts/elo-smart-straw;
133017;https://www.producthunt.com/posts/handsome-illustrations;
129387;https://www.producthunt.com/posts/makehub;
133882;https://www.producthunt.com/posts/extreme-productivity-booster-xl-pro-for-chrome;
137985;https://www.producthunt.com/posts/sleepjet;
131779;https://www.producthunt.com/posts/thinc;
138449;https://www.producthunt.com/posts/darebux;
134244;https://www.producthunt.com/posts/cryptocurrency-list;
135532;https://www.producthunt.com/posts/natureveda-s-healthy-matcha-green-tea;
130403;https://www.producthunt.com/posts/travelerbox;
140098;https://www.producthunt.com/posts/women-make-podcast;
142045;https://www.producthunt.com/posts/gigslot-africa;
131232;https://www.producthunt.com/posts/metri;
131543;https://www.producthunt.com/posts/a-b-rankings;
135919;https://www.producthunt.com/posts/focus-bible-google-chrome-extension;
135321;https://www.producthunt.com/posts/sublime-merge;
152048;https://www.producthunt.com/posts/vocalibrary;
152530;https://www.producthunt.com/posts/janeous;
134841;https://www.producthunt.com/posts/mycard;
133231;https://www.producthunt.com/posts/punchy-cards;
129723;https://www.producthunt.com/posts/developerhub-io;
131707;https://www.producthunt.com/posts/wavetrotter-2;
134537;https://www.producthunt.com/posts/awario-leads;
146075;https://www.producthunt.com/posts/without-any-capital-book;
138250;https://www.producthunt.com/posts/mobile-patterns-2;
132406;https://www.producthunt.com/posts/drystack;
134560;https://www.producthunt.com/posts/vudu-camera;
152361;https://www.producthunt.com/posts/birdchain;
131366;https://www.producthunt.com/posts/pnk-hippo;
131767;https://www.producthunt.com/posts/emailurgency;
142319;https://www.producthunt.com/posts/starxium-20xx;
131608;https://www.producthunt.com/posts/css-scan;
130526;https://www.producthunt.com/posts/countdown-2;
153189;https://www.producthunt.com/posts/courseroot-2-0-2;
132570;https://www.producthunt.com/posts/middleman-2;
133579;https://www.producthunt.com/posts/snippy-2;
136128;https://www.producthunt.com/posts/delay-predictor;
142113;https://www.producthunt.com/posts/year-of-colour;
136443;https://www.producthunt.com/posts/udugore-social;
141961;https://www.producthunt.com/posts/freeforstudents;
141965;https://www.producthunt.com/posts/gratitude-3;
130469;https://www.producthunt.com/posts/virail;
142004;https://www.producthunt.com/posts/mindot;
131350;https://www.producthunt.com/posts/pica;
152669;https://www.producthunt.com/posts/frozonic;
131046;https://www.producthunt.com/posts/kudoo;
133341;https://www.producthunt.com/posts/all-time-design;
136243;https://www.producthunt.com/posts/vervoe-ai-powered-skill-testing;
130546;https://www.producthunt.com/posts/kyra-app;
138456;https://www.producthunt.com/posts/sidemail;
133165;https://www.producthunt.com/posts/hue-match;
133639;https://www.producthunt.com/posts/mars-or-earth;
157214;https://www.producthunt.com/posts/swish-7;
132269;https://www.producthunt.com/posts/mailmaster;
131524;https://www.producthunt.com/posts/colorspaces;
135756;https://www.producthunt.com/posts/inki-pen;
138911;https://www.producthunt.com/posts/roaster-list;
135264;https://www.producthunt.com/posts/time-in-list-for-trello;
142114;https://www.producthunt.com/posts/manifesto-3;
135204;https://www.producthunt.com/posts/readaway;
143639;https://www.producthunt.com/posts/hackero;
132459;https://www.producthunt.com/posts/crypto-toolbox;
135015;https://www.producthunt.com/posts/bamboo-spork;
135637;https://www.producthunt.com/posts/indeed-for-chrome;
142024;https://www.producthunt.com/posts/song-peel;
135443;https://www.producthunt.com/posts/projctr-io;
129477;https://www.producthunt.com/posts/smart-slack-reminders;
142260;https://www.producthunt.com/posts/istatistica-pro;
139502;https://www.producthunt.com/posts/product-love;
132559;https://www.producthunt.com/posts/nano;
130946;https://www.producthunt.com/posts/uproc-for-sheets;
129584;https://www.producthunt.com/posts/netler;
129713;https://www.producthunt.com/posts/trila;
134976;https://www.producthunt.com/posts/crawly-2;
135925;https://www.producthunt.com/posts/unicorn-platform;
133153;https://www.producthunt.com/posts/weeeart;
135918;https://www.producthunt.com/posts/replybin;
143576;https://www.producthunt.com/posts/nano-notes-pro;
140909;https://www.producthunt.com/posts/medium-reading-list-manager;
137738;https://www.producthunt.com/posts/cards-3;
133169;https://www.producthunt.com/posts/perkk;
130223;https://www.producthunt.com/posts/mymentorbookclub;
151790;https://www.producthunt.com/posts/supermakers;
133367;https://www.producthunt.com/posts/elementari;
132508;https://www.producthunt.com/posts/scoreboard-7;
137447;https://www.producthunt.com/posts/hype-link;
134102;https://www.producthunt.com/posts/velocity-4;
138242;https://www.producthunt.com/posts/dear-holmes;
156493;https://www.producthunt.com/posts/orangered;
132301;https://www.producthunt.com/posts/holoback;
137533;https://www.producthunt.com/posts/evericons;
143628;https://www.producthunt.com/posts/analytics-bar-2-0;
133936;https://www.producthunt.com/posts/ten-hundred;
135962;https://www.producthunt.com/posts/soliom;
134294;https://www.producthunt.com/posts/trafficticker;
133799;https://www.producthunt.com/posts/easymove;
134068;https://www.producthunt.com/posts/eight-3;
142098;https://www.producthunt.com/posts/netflix-categories-codes;
132812;https://www.producthunt.com/posts/analytics-bar-for-mac-and-windows;
130834;https://www.producthunt.com/posts/lyricsposter;
151380;https://www.producthunt.com/posts/movieprint;
136169;https://www.producthunt.com/posts/airental;
136342;https://www.producthunt.com/posts/landista;
131614;https://www.producthunt.com/posts/coode;
141765;https://www.producthunt.com/posts/chrome-qr;
149166;https://www.producthunt.com/posts/best-of-machine-learning;
135744;https://www.producthunt.com/posts/firstbase;
130137;https://www.producthunt.com/posts/teammate;
145074;https://www.producthunt.com/posts/up-5;
135179;https://www.producthunt.com/posts/daydip-app;
141676;https://www.producthunt.com/posts/namekin;
134729;https://www.producthunt.com/posts/joyn-it;
135076;https://www.producthunt.com/posts/stripe-terminal;
141671;https://www.producthunt.com/posts/grape-for-github;
132625;https://www.producthunt.com/posts/magic-lasso-adblock;
130941;https://www.producthunt.com/posts/austillery;
133026;https://www.producthunt.com/posts/wattagio;
133064;https://www.producthunt.com/posts/just-get-me-food;
151535;https://www.producthunt.com/posts/replika-34cbf543-4bac-4f97-bfaa-c2ef35152ab5;
129843;https://www.producthunt.com/posts/whiterabbit;
130704;https://www.producthunt.com/posts/fix-flint-s-water;
153846;https://www.producthunt.com/posts/clearstatus;
135286;https://www.producthunt.com/posts/familiar-bot-wikipedia-skill-slack-edition;
142256;https://www.producthunt.com/posts/many-link;
140949;https://www.producthunt.com/posts/linestrail-an-open-world-game-for-free;
133218;https://www.producthunt.com/posts/notifiee;
141592;https://www.producthunt.com/posts/startup-news;
134614;https://www.producthunt.com/posts/crammut;
133225;https://www.producthunt.com/posts/startup-failures;
134549;https://www.producthunt.com/posts/cervino;
132889;https://www.producthunt.com/posts/ethersign;
133518;https://www.producthunt.com/posts/niceguy-app;
138151;https://www.producthunt.com/posts/listen-later;
143676;https://www.producthunt.com/posts/sunrise-kpi;
131068;https://www.producthunt.com/posts/writeathon;
135819;https://www.producthunt.com/posts/devnull-clothing;
130177;https://www.producthunt.com/posts/vue-wait;
131893;https://www.producthunt.com/posts/haplen;
131467;https://www.producthunt.com/posts/arch;
133464;https://www.producthunt.com/posts/solveboard;
133924;https://www.producthunt.com/posts/tonic-2;
142126;https://www.producthunt.com/posts/how-much-does-it-cost-to-build-an-app;
137222;https://www.producthunt.com/posts/fireflies-ai-for-meetings;
136938;https://www.producthunt.com/posts/triangle-this;
135850;https://www.producthunt.com/posts/united-states-dollar;
134596;https://www.producthunt.com/posts/alertfor;
143076;https://www.producthunt.com/posts/shots-5;
130936;https://www.producthunt.com/posts/wirepool;
146152;https://www.producthunt.com/posts/featured-3-0;
157127;https://www.producthunt.com/posts/fluent-forever-2;
135163;https://www.producthunt.com/posts/thingtesting;
140449;https://www.producthunt.com/posts/startup-video-academy;
156667;https://www.producthunt.com/posts/ship-your-enemies-gdpr;
130419;https://www.producthunt.com/posts/how-much-does-this-meeting-pay;
150603;https://www.producthunt.com/posts/simplify-gmail;
130357;https://www.producthunt.com/posts/tinythoughts;
141896;https://www.producthunt.com/posts/dejavideo;
129803;https://www.producthunt.com/posts/presentations-2-0;
130134;https://www.producthunt.com/posts/meetnotes-slack-bot;
141613;https://www.producthunt.com/posts/yournote;
132556;https://www.producthunt.com/posts/imtoken-2-0;
135356;https://www.producthunt.com/posts/marketergig-com;
131858;https://www.producthunt.com/posts/socionity;
133485;https://www.producthunt.com/posts/boovi-branded-movies;
143562;https://www.producthunt.com/posts/feedough-community;
130925;https://www.producthunt.com/posts/fuelled;
133921;https://www.producthunt.com/posts/meetr;
147853;https://www.producthunt.com/posts/citationsy-for-chrome;
131503;https://www.producthunt.com/posts/liftlift;
129681;https://www.producthunt.com/posts/notetoscreen;
135773;https://www.producthunt.com/posts/no-more-google;
135741;https://www.producthunt.com/posts/kanbanmail;
133196;https://www.producthunt.com/posts/thich-nhat-hanh-calligraphy;
148899;https://www.producthunt.com/posts/tunemymusic;
142269;https://www.producthunt.com/posts/squat-for-crypto;
132773;https://www.producthunt.com/posts/watchimise;
130791;https://www.producthunt.com/posts/microsoft-whiteboard;
135720;https://www.producthunt.com/posts/scriptgun;
141928;https://www.producthunt.com/posts/tech-jobs-asia;
151312;https://www.producthunt.com/posts/userbuddy;
139775;https://www.producthunt.com/posts/perfops-cli;
143584;https://www.producthunt.com/posts/unknown-castle;
142345;https://www.producthunt.com/posts/reggy;
140311;https://www.producthunt.com/posts/hyperping-2-0;
130453;https://www.producthunt.com/posts/mails-wtf;
134625;https://www.producthunt.com/posts/scenelab;
135191;https://www.producthunt.com/posts/good-night-kiss;
134573;https://www.producthunt.com/posts/alltags;
131677;https://www.producthunt.com/posts/wordd;
141876;https://www.producthunt.com/posts/supreme-3;
142321;https://www.producthunt.com/posts/noa;
135931;https://www.producthunt.com/posts/mylifeelsewhere;
132780;https://www.producthunt.com/posts/callmeicons;
152635;https://www.producthunt.com/posts/sneakers123;
132351;https://www.producthunt.com/posts/axmath;
134473;https://www.producthunt.com/posts/designmonk;
135615;https://www.producthunt.com/posts/here-interactive-meditation;
142761;https://www.producthunt.com/posts/vegaroo;
131070;https://www.producthunt.com/posts/simple-mobile-crm;
129983;https://www.producthunt.com/posts/snipper;
130059;https://www.producthunt.com/posts/rocket-note;
129586;https://www.producthunt.com/posts/customjournal;
132191;https://www.producthunt.com/posts/rewardful;
139575;https://www.producthunt.com/posts/genies-2-0;
133336;https://www.producthunt.com/posts/ghost-2-0;
130133;https://www.producthunt.com/posts/emojie-dotter;
144597;https://www.producthunt.com/posts/catchtrips;
133305;https://www.producthunt.com/posts/biking-city;
133653;https://www.producthunt.com/posts/1000-gradient-minimal-icons;
135614;https://www.producthunt.com/posts/free-nature-stock-videos;
151640;https://www.producthunt.com/posts/lenny-bot-for-messenger;
136454;https://www.producthunt.com/posts/cloud-connect;
144210;https://www.producthunt.com/posts/proof-ink;
136493;https://www.producthunt.com/posts/spacetomake-io;
134431;https://www.producthunt.com/posts/maker-notes;
156542;https://www.producthunt.com/posts/goodbrief;
129293;https://www.producthunt.com/posts/problem-of-the-day;
132693;https://www.producthunt.com/posts/maker-of-the-week;
141863;https://www.producthunt.com/posts/task-a-thon-school-fundraiser;
138412;https://www.producthunt.com/posts/unblur;
138712;https://www.producthunt.com/posts/gear-offer;
